S/N,"Project Name",State,Status,Description,"Images Count","Created Date","Last Updated"
1,"Supply and Installation of 2 Nos. of 1.5 Tesla Helium-Free Magnetic Resonance Imaging (MRI) Systems and Training of Relevant Staff at Yobe State University Teaching Hospital,",Yobe,Ongoing,"Damaturu (1) and Federal Medical  Centre, Nguru (1), Yobe State for The NEDC Head Office Maiduguri, Borno State",0,"Jan 19, 2026","Jan 19, 2026"
2,"Construction of 300 Meter Long Atoki River Bridge Port Harcourt Rivers State",Rivers,Suspended,N/A,0,"Jan 19, 2026","Jan 19, 2026"
3,"Rehabilitation/Repair of Office Building, Federal School of Surveying, Oyo",Oyo,Completed,N/A,0,"Jan 19, 2026","Jan 19, 2026"
4,"Dualization of Ilorin Express Junction-Ikoyi-Takie-Palace-Ogbomoso Grammar School Road, Ogbomoso",Oyo,Completed,N/A,0,"Jan 19, 2026","Jan 19, 2026"
5,"Construction of Okeola-Akolu Road, Eruwa, Ibarapa East LGA, Oyo State",Oyo,Completed,N/A,0,"Jan 19, 2026","Jan 19, 2026"
6,"Dualization of Dugbe-Magazine-Eleyele Road with spurs to Alesinloye, Onireke/Agbarigo, Ibadan (7.4km)",Oyo,Completed,N/A,0,"Jan 19, 2026","Jan 19, 2026"
7,"Expansion/Rehabilitation/Reconstruction of Apata-Bembo-Olosun with Spur to Akala Way (5.40Km), Oyo State",Oyo,Completed,N/A,0,"Jan 19, 2026","Jan 19, 2026"
8,"Reconstruction of Ibadan (Eleyele Junction)-Akufo Junction Road 10Km Section 1, Limited Reconstruction of Akufo Junction-Eruwa Road 48Km Section2, Oyo State",Oyo,Completed,N/A,0,"Jan 19, 2026","Jan 19, 2026"
9,"Reconstruction of igbara oke, Ibuji road in Ifedore LGA, Ondo State",Ondo,Completed,N/A,0,"Jan 19, 2026","Jan 19, 2026"
10,"Provide Truck Leasing and Transportation Services to NRL",FCT,Operation,N/A,2,"Jan 19, 2026","Jan 19, 2026"
11,"Construction and Equipping of the Maternity and Neo-Natal Section of General Hospital, Minna, Niger State",Niger,Completed,N/A,0,"Jan 19, 2026","Jan 19, 2026"
12,"Donation of Reconstruction of Akilo Road, Ikeja, Lagos State",Lagos,Completed,N/A,0,"Jan 19, 2026","Jan 19, 2026"
13,"Construction of Lagos Giwa Bridge, Lagos State",Lagos,Completed,N/A,0,"Jan 19, 2026","Jan 19, 2026"
14,"Construction of Koto Irabo Road Off Akowonjo Road, Alimosho Federal Constituency, Lagos State",Lagos,Completed,N/A,0,"Jan 19, 2026","Jan 19, 2026"
15,"Design, Construction and Supply of Two (2Nos.) Pilot Cutters for Eastern Ports of Nigerian Ports Authority",Lagos,Completed,N/A,2,"Jan 19, 2026","Jan 19, 2026"
16,"Design and Construction of 2Nos. Marine Vessels Pilot Cutters for the Nigerian Ports Authority",Lagos,Completed,N/A,5,"Jan 19, 2026","Jan 19, 2026"
17,"Procurement of Utility Boat",Kogi,Completed,N/A,0,"Jan 19, 2026","Jan 19, 2026"
18,"Repairs of Flood Damaged Giro Bridge, Along Suru to Giro Road and 3 No’s Bridges Along Argungu to Natsini Road, Kebbi State",Kebbi,Completed,N/A,0,"Jan 19, 2026","Jan 19, 2026"
19,"Supply and Processing of Satellite Optical/Infrared/Synthetic Aperture Radar Image and Intelligence Analysis Report for North West Operations with Associated Works for the Defenc  Administration",Kebbi,Completed,N/A,0,"Jan 19, 2026","Jan 19, 2026"
20,"Construction, Equipping Airfield Facilities at Nigerian Air Force Base Daura",Katsina,Completed,N/A,0,"Jan 19, 2026","Jan 19, 2026"
21,"Completion of Zobe Phase 1B Project for Katsina State",Katsina,Ongoing,N/A,4,"Jan 19, 2026","Jan 19, 2026"
22,"Construction of Danja Earth Dam and Access Road",Katsina,Completed,N/A,3,"Jan 19, 2026","Jan 19, 2026"
23,"Construction of 112.24 Km Backlog Maintenance and Rehabilitation Roads in Katsina State NG-KATSINA RAAMP-462666-CW-RFB/Lot 1",Katsina,Ongoing,N/A,0,"Jan 19, 2026","Jan 19, 2026"
24,"Construction of Earth Dam of 13.2m Height with crest length of 820m, 2m Spillway Height and Active Storage Capacity of 2.6 Million Cubic Meter of Water, Bunkure LGA, Kano State",Kano,Completed,N/A,5,"Jan 19, 2026","Jan 19, 2026"
25,"Infrastructure Development of Power Generation and supply to Calabar Free Zone & Kano Free Zone",Kano,Ongoing,N/A,3,"Jan 19, 2026","Jan 19, 2026"
26,"Development of Solar Hybrid Power Systems for Nigeria Defence Academy Kaduna under the  Energizing Education Programme (EEP) – Phase II",Kaduna,Operation,N/A,4,"Jan 19, 2026","Jan 19, 2026"
27,"Establishment One Solar Powered Borehole at Gari Uku Village in Malam Madori LGA, Jigawa State",Jigawa,Completed,N/A,0,"Jan 19, 2026","Jan 19, 2026"
28,"Supply of One Thousand, Five Hundred Units Bajaj Boxer Motorcycle to Nigeria Prisons Multipurpose Cooperative Society",FCT,Completed,N/A,0,"Jan 19, 2026","Jan 19, 2026"
29,"NIG AGRI DEMO CENTER PRJ",FCT,Completed,N/A,0,"Jan 19, 2026","Jan 19, 2026"
30,"MCG ERP SYSTEM",FCT,Ongoing,N/A,2,"Jan 19, 2026","Jan 19, 2026"
31,"Procurement of Additional Equipping of Cyber Operations Centre",FCT,Completed,N/A,0,"Jan 19, 2026","Jan 19, 2026"
32,"Equipping of DEO DCS DNPT LABS",FCT,Completed,N/A,0,"Jan 19, 2026","Jan 19, 2026"
33,"Supply and Processing of Satellite Optical/Infrared/Synthetic Aperture Radar Image and Intelligence Analysis Report for North West Operations with Associated Works for the Defence  Administration",FCT,Completed,N/A,0,"Jan 19, 2026","Jan 19, 2026"
34,"Purchase of Space Monitoring Equipment",FCT,Completed,N/A,0,"Jan 19, 2026","Jan 19, 2026"
35,"Development, Launch, Operation and Maintenance Service of One Customized Micro-Optical Satellites with a Resolution of 0.6 Meters",FCT,Operation,N/A,0,"Jan 19, 2026","Jan 19, 2026"
36,"Supply & Installation of X-Band Telemetry Tracking and Command and Digital Data Transmission Integrated Station with Associated Works for The Defence Space Administration",FCT,Completed,N/A,0,"Jan 19, 2026","Jan 19, 2026"
37,"VISION INVEST PROGRESS MEDIA COMPNAY LTD",FCT,Operation,N/A,0,"Jan 19, 2026","Jan 19, 2026"
38,"Construction of Two Hundred and Ninety-Two (292) Units of   3-Bedroom (Low-Cost Housing) Bungalows",FCT,Ongoing,"in The Southern Part of Federal Housing Authority Site, Birnin Kebbi Local Government Area, Kebbi State, Under the Federal Government’s Resettlement Scheme for Persons Impacted By  Conflict (RSPIC)",0,"Jan 19, 2026","Jan 19, 2026"
39,"Construction of Perimeter Fence & Other Associated Works in ATV",FCT,Ongoing,N/A,4,"Jan 19, 2026","Jan 19, 2026"
40,"Rehabilitation of AWO-EYIO-ESURE-IFAKI ROAD (14.8Km)",Ekiti,Completed,N/A,0,"Jan 19, 2026","Jan 19, 2026"
41,"Rehabilitation of Agbado-Ode-Isinbode-Omuo Road (30.2Km)",Ekiti,Completed,N/A,0,"Jan 19, 2026","Jan 19, 2026"
42,"Construction of 100 Bed Capacity Hospital at Uwessan, Esan Central Local Government Area, Edo State",Edo,Ongoing,N/A,0,"Jan 19, 2026","Jan 19, 2026"
43,"Construction of Palace Road, Off Upper Mission Road, Benin City, Edo State",Edo,Ongoing,N/A,0,"Jan 19, 2026","Jan 19, 2026"
44,"Engineering, Procurement, and Construction of Solar Micro Grid For The University of Benin",Edo,Ongoing,N/A,0,"Jan 19, 2026","Jan 19, 2026"
45,"Additional Concrete Drains in Erosion Prone Sections And Reconstruction of Road Along Umunede Ute-Okpu Road",Delta,Completed,N/A,0,"Jan 19, 2026","Jan 19, 2026"
46,"Construction of Osubi Specialist Hospital (OSH), (Main Building), Osubi, Okpe Local Government Area, Delta",Delta,Ongoing,N/A,0,"Jan 19, 2026","Jan 19, 2026"
47,"Construction of Mother and Child Centre at Owa-Alero in Ika North-East LGA, Delta State",Delta,Completed,N/A,0,"Jan 19, 2026","Jan 19, 2026"
48,"Construction of Advanced Diagnostic Medical Complex at Owa-Alero in Ika North-East LGA, Delta State",Delta,Completed,N/A,0,"Jan 19, 2026","Jan 19, 2026"
49,"Construction of Film Village and Leisure Park in Anwai-Asaba, Oshimili South LGA",Delta,Completed,N/A,0,"Jan 19, 2026","Jan 19, 2026"
50,"Construction of Faculty of Environmental Science Building at University of Delta, Owa Alero Campus",Delta,Completed,N/A,0,"Jan 19, 2026","Jan 19, 2026"
51,"Rehabilitation/reconstruction of 4.5km Section of Asaba/Ugbolu Road from CBN Estate Junction to Ugbolu, Delta",Delta,Ongoing,N/A,0,"Jan 19, 2026","Jan 19, 2026"
52,"Rehabilitation/Reconstruction of 6.7Km Length Section of Asaba-Ugbolu Road from Government House Gate to CBN Estate Junction and Pedestrain Walkway Over Anwai River in Oshimili South LGA, Delta State",Delta,Completed,N/A,0,"Jan 19, 2026","Jan 19, 2026"
53,"Construction of Oviri-Olomu/Egodor Road in Ughlli Sout and Burutu LGAs, Delta State",Delta,Completed,N/A,0,"Jan 19, 2026","Jan 19, 2026"
54,"Rehabilitation and Asphalt Overlay of  Umunede/Otolokpo/Ute-Okpu/Ekuku-Agbor/Ndemili/Obeti/Umutu Road in Ika North East, Ika South, Ndokwa West and Ukuani LGAs, Delta State",Delta,Completed,N/A,0,"Jan 19, 2026","Jan 19, 2026"
55,"Rehabilitation & Resealing of Otu-Jeremi/Okwagbe Road in Ughelli South LGA, Delta State",Delta,Completed,N/A,0,"Jan 19, 2026","Jan 19, 2026"
56,"Infrastructure Development of Power Generation and supply to Calabar Free Zone & Kano Free Zone","Cross River",Ongoing,N/A,0,"Jan 19, 2026","Jan 19, 2026"
57,"Supply and Installation of 2 Nos. of 1.5 Tesla Helium-Free Magnetic Resonance Imaging (MRI) Systems and Training of Relevant Staff at Two (2) tertiary Health Institutions in Borno State for The NEDC Head Office Maiduguri, Borno State",Borno,Ongoing,N/A,0,"Jan 19, 2026","Jan 19, 2026"
58,"Supplies of 32 Nos. BYD Dolphin EV; 30 Nos. BYD Qin Pl EV for The NEDC Head Office Maiduguri, Borno State",Borno,Ongoing,N/A,0,"Jan 19, 2026","Jan 19, 2026"
59,"Supplies of 20 Nos. ANKAI E-BUSES for The NEDC Head Office Maiduguri, Borno State",Borno,Ongoing,N/A,0,"Jan 19, 2026","Jan 19, 2026"
60,"Construction of Charging Infrastructure Point for  E-Vehicles in Maiduguri, Borno State",Borno,Ongoing,N/A,0,"Jan 19, 2026","Jan 19, 2026"
61,"Supplies Of Charging Infrastructure For E-Vehicles And Other Accessories (Buses, Taxis And Tricycles), For The North-East Development Commission Head Office Maiduguri,  Borno State",Borno,Ongoing,N/A,0,"Jan 19, 2026","Jan 19, 2026"
62,"Supplies Of 10 Nos. E-Bus, Fort he North-East Development Commission Head Office Maiduguri, Borno State",Borno,Ongoing,N/A,0,"Jan 19, 2026","Jan 19, 2026"
63,"Supplies Of 100 Nos. BYD Dolphin Ev, 100 Nos. BYD Qin Plus Ev, And 37 Nos BYD Yuan Plus Ev",Borno,Ongoing,N/A,0,"Jan 19, 2026","Jan 19, 2026"
64,"Supplies Of 3,000 Nos. E-Vehicles (Tricycle), For the North-East Development Commission Head Office Maiduguri, Borno State",Borno,Ongoing,N/A,0,"Jan 19, 2026","Jan 19, 2026"
65,"Supplies Of 3,000 Nos. E-Vehicles (Tricycle), For the North-East Development Commission Head Office Maiduguri, Borno State",Borno,Ongoing,N/A,0,"Jan 19, 2026","Jan 19, 2026"
66,"Supplies Of 4,000 Nos. E-Vehicles (Tricycle), For the North-East Development Commission Head Office Maiduguri, Borno State",Borno,Ongoing,N/A,0,"Jan 19, 2026","Jan 19, 2026"
67,"Supplies of Thirty-Eight Electric Mobilty And Associated Charging Infrastructure in the North-East To NEDC Head Office Maiduguri, Borno State",Borno,Completed,N/A,0,"Jan 19, 2026","Jan 19, 2026"
68,"Development of Solar Hybrid Power Systems for University of Maiduguri & Teaching Hospital, Borno State under the Energizing Education Programme (EEP) – Phase II",Borno,Operation,N/A,0,"Jan 19, 2026","Jan 19, 2026"
69,"Construction of Concrete  Retaining Walls at Odi Twon for Flood Control",Bayelsa,Ongoing,N/A,0,"Jan 19, 2026","Jan 19, 2026"
70,"Design And Construction Of An Expandable 30,000 Seater  Multi-Purpose Stadium At Igbogene, Yenagoa, Bayelsa State",Bayelsa,Ongoing,N/A,0,"Jan 19, 2026","Jan 19, 2026"
71,"Renovation of Community Primary School Opolo, Bayelsa State",Bayelsa,Completed,N/A,0,"Jan 19, 2026","Jan 19, 2026"
72,"Reconstruction of Failed Portion of Opokuma Road",Bayelsa,Completed,N/A,0,"Jan 19, 2026","Jan 19, 2026"
73,"Construction & Equipping of   a 200 Bed Emergency & Trauma Centre and Advanced Diagnostics Centre for   North East Region at Federal Medical Centre, Azare, Bauchi State",Bauchi,Suspended,N/A,0,"Jan 19, 2026","Jan 19, 2026"
74,"Construction and Furnishing of   500 bed Space Each for Male and Female Hostel in Bill and Melinda Gates  College of Health Science and Technology, Ningi",Bauchi,Suspended,N/A,0,"Jan 19, 2026","Jan 19, 2026"
75,"Land Clearing and Preparation of Clustered Farmland at Various Locations in Akwa Ibom State","Akwa Ibom",Completed,N/A,0,"Jan 19, 2026","Jan 19, 2026"
76,"Construction of 2.8Km Ikot Esidomo-Ikot Esiede Road to The Palace of Itai Afe Annang in Essien Udim LGA with 350m Outfall Drain, Akwa  Ibom State","Akwa Ibom",Completed,N/A,0,"Jan 19, 2026","Jan 19, 2026"
77,"Reconstruction/Construction of Osusu-Aku-Umunkama (Ugwunagbo) Bridge-Obikabia-Mbaraikoro-Aba-Azumiri Road (12Km), Abia State",Abia,Completed,N/A,0,"Jan 19, 2026","Jan 19, 2026"
78,"Construction of Interchange (Flyover) and Bridges for Decongesting Oghor Hill Area, Aba, Abia State",Abia,Completed,N/A,0,"Jan 19, 2026","Feb 03, 2026"
